<?xml version="1.0" encoding="UTF-8" standalone="yes"?>
<Content>
    <Views>
        <ViewDef id="c405d143-147b-4a1d-a44a-7048a11c3556">
            <Title>Home. VM. Disk Line Chart</Title>
            <Description>Summary Page.</Description>
            <SubjectType adapterKind="VMWARE" resourceKind="VirtualMachine" type="descendant"/>
            <SubjectType adapterKind="VMWARE" resourceKind="VirtualMachine" type="self"/>
            <Usage>dashboard</Usage>
            <Usage>report</Usage>
            <Usage>details</Usage>
            <Usage>content</Usage>
            <Controls>
                <Control id="time-interval-selector_id_662" type="time-interval-selector" visible="false">
                    <Property name="advancedTimeMode" value="false"/>
                    <Property name="unit" value="MONTHS"/>
                    <Property name="count" value="1"/>
                </Control>
                <Control id="attributes-selector_id_663" type="attributes-selector" visible="false">
                    <Property name="attributeInfos">
                        <List>
                            <Item>
<Value>
    <Property name="objectType" value="RESOURCE"/>
    <Property name="attributeKey" value="virtualDisk:Aggregate of all instances|commandsAveraged_average"/>
    <Property name="isStringAttribute" value="false"/>
    <Property name="adapterKind" value="VMWARE"/>
    <Property name="resourceKind" value="VirtualMachine"/>
    <Property name="rollUpType" value="NONE"/>
    <Property name="rollUpCount" value="0"/>
    <Property name="transformations">
        <List>
            <Item value="NONE"/>
        </List>
    </Property>
    <Property name="isProperty" value="false"/>
    <Property name="displayName" value="IOPS"/>
</Value>
                            </Item>
                            <Item>
<Value>
    <Property name="objectType" value="RESOURCE"/>
    <Property name="attributeKey" value="virtualDisk:Aggregate of all instances|usage"/>
    <Property name="preferredUnitId" value="mbps"/>
    <Property name="isStringAttribute" value="false"/>
    <Property name="adapterKind" value="VMWARE"/>
    <Property name="resourceKind" value="VirtualMachine"/>
    <Property name="rollUpType" value="NONE"/>
    <Property name="rollUpCount" value="0"/>
    <Property name="transformations">
        <List>
            <Item value="NONE"/>
        </List>
    </Property>
    <Property name="isProperty" value="false"/>
    <Property name="displayName" value="Throughput"/>
</Value>
                            </Item>
                        </List>
                    </Property>
                </Control>
                <Control id="pagination-control_id_664" type="pagination-control" visible="true">
                    <Property name="start" value="0"/>
                    <Property name="size" value="50"/>
                </Control>
            </Controls>
            <DataProviders>
                <DataProvider dataType="trend-view" id="trend-view_id_661"/>
            </DataProviders>
            <Presentation type="line-chart"/>
        </ViewDef>
    </Views>
</Content>
