{
   "dashboards": [{
      "autoswitchEnabled": false,
      "columnCount": 1,
      "columnProportion": "1",
      "creationTime": 1537231601770,
      "dashboardNavigations": {"fb047a68-e73b-4963-9d8e-10faaad97fb5": [
         {
            "id": "a186e6aa-3de0-4318-9a8f-e7b35efe4ad7",
            "selected": false,
            "widgets": []
         },
         {
            "id": "6a8f3750-143d-40d0-873f-d8af385e3773",
            "selected": false,
            "widgets": []
         },
         {
            "id": "6a56ac8e-7d2d-481e-9407-5af3c4248bde",
            "selected": false,
            "widgets": []
         },
         {
            "id": "30a2564a-9eaf-4833-9d41-4fd45c57aefb",
            "selected": false,
            "widgets": []
         },
         {
            "id": "103d80ba-7588-46e3-83d9-2e02f65a9c85",
            "selected": false,
            "widgets": []
         },
         {
            "id": "843fbd7e-35ed-4ed0-a58c-bc9543fb7e2b",
            "selected": false,
            "widgets": []
         },
         {
            "id": "2a570a5e-bd30-4b6e-b9a3-28c5e02be2aa",
            "selected": false,
            "widgets": []
         },
         {
            "id": "cce135dc-1a4d-497d-8ada-3462d207d328",
            "selected": false,
            "widgets": []
         },
         {
            "id": "4eaea82a-7437-4f11-92af-0c4307bc6d2e",
            "selected": false,
            "widgets": []
         },
         {
            "id": "4b5c602a-6105-48d4-9318-d37c27ba1209",
            "selected": false,
            "widgets": []
         },
         {
            "id": "c8e757e0-2acd-4bb7-908c-e9520be45c53",
            "selected": false,
            "widgets": []
         },
         {
            "id": "63903603-2418-4005-8d57-a8f3ef40c26c",
            "selected": false,
            "widgets": []
         },
         {
            "id": "5944ba75-3fb7-461e-950f-99c06eb04e47",
            "selected": false,
            "widgets": []
         },
         {
            "id": "3ce6557d-8b49-4d22-aca0-79e4de828e4e",
            "selected": false,
            "widgets": []
         },
         {
            "id": "30389f02-3a3c-472b-a86b-b20adaa71975",
            "selected": false,
            "widgets": []
         },
         {
            "id": "58c12c7c-73f4-44ff-82f5-59b64a7cae89",
            "selected": false,
            "widgets": []
         },
         {
            "id": "836cc887-86e5-4e84-b4d6-abca177e2394",
            "selected": false,
            "widgets": []
         }
      ]},
      "description": "",
      "disabled": false,
      "gridsterMaxColumns": 12,
      "hidden": true,
      "homeTab": false,
      "id": "a23edd61-4ba6-4bfa-8a4a-43f4726415e2",
      "importAttempts": 0,
      "importComplete": true,
      "isDefault": false,
      "locked": false,
      "name": "Performance Troubleshooting/Troubleshoot a VM",
      "namePath": "Performance Troubleshooting",
      "rank": 48,
      "shared": true,
      "temporary": false,
      "userId": "87a15df6-df0b-4b3b-be18-9c5e69ed78e3",
      "widgetInteractions": [
         {
            "type": "resourceId",
            "widgetIdProvider": "5c388b8b-8e38-49fc-8e61-61509bc8011e",
            "widgetIdReceiver": "a3e32e31-6f2c-4294-b3c5-e33ddc7961d8"
         },
         {
            "type": "resourceId",
            "widgetIdProvider": "7f10bc4e-9aca-4552-9d17-e160ff650668",
            "widgetIdReceiver": "5c388b8b-8e38-49fc-8e61-61509bc8011e"
         },
         {
            "type": "resourceId",
            "widgetIdProvider": "2c9d6022-ee73-480e-a592-30d086f3ec6f",
            "widgetIdReceiver": "7f10bc4e-9aca-4552-9d17-e160ff650668"
         },
         {
            "type": "resourceId",
            "widgetIdProvider": "2c9d6022-ee73-480e-a592-30d086f3ec6f",
            "widgetIdReceiver": "5c388b8b-8e38-49fc-8e61-61509bc8011e"
         }
      ],
      "widgets": [
         {
            "collapsed": true,
            "config": {
               "custom": [],
               "resource": null,
               "selfProvider": {"selfProvider": false},
               "title": "9. Does the datastore serving the VM has latency?",
               "viewDefinitionId": "bb4fbd6c-f655-402b-8d70-6ce8b67a6297"
            },
            "gridsterCoords": {
               "h": 1,
               "w": 6,
               "x": 7,
               "y": 17
            },
            "height": 543,
            "id": "ae57122b-b519-4f71-b140-3181d3946f9c",
            "title": "9. Does the datastore serving the VM has latency?",
            "type": "View"
         },
         {
            "collapsed": false,
            "config": {
               "chartViewItems": [],
               "refreshContent": {"refreshContent": false},
               "refreshInterval": 300,
               "resource": {
                  "adapterKindId": "VMWARE",
                  "allowDrag": true,
                  "allowDrop": true,
                  "checked": null,
                  "children": null,
                  "cls": "",
                  "depth": 1,
                  "expandable": true,
                  "expanded": false,
                  "href": "",
                  "hrefTarget": "",
                  "icon": "",
                  "iconCls": "resknd_default_vmware_vsphereworld",
                  "iconSrc": "images/resknd/default/16x16/VMWARE_vSphere World.png",
                  "id": "652ec7d3-4e7f-4463-b5b2-64f75af7899b",
                  "index": 0,
                  "isFirst": true,
                  "isLast": true,
                  "leaf": false,
                  "loaded": false,
                  "loading": false,
                  "nodeType": "resource",
                  "parentId": "source",
                  "qshowDelay": 0,
                  "qtip": "",
                  "qtitle": "",
                  "resourceId": "resource:id:0_::_",
                  "resourceKindId": "002006VMWAREvSphere World",
                  "resourceKindKey": "vSphere World",
                  "resourceKindName": "vSphere World",
                  "resourceKindType": 8,
                  "resourceName": "vSphere World",
                  "root": false,
                  "rootResourceId": "652ec7d3-4e7f-4463-b5b2-64f75af7899b",
                  "text": "vSphere World",
                  "traversalSpecId": "vSphere Hosts and Clusters-VMWARE-vSphere World",
                  "uniqueId": "652ec7d3-4e7f-4463-b5b2-64f75af7899b_1538370212473",
                  "visible": true
               },
               "selectFirstRow": {"selectFirstRow": false},
               "selfProvider": {"selfProvider": true},
               "title": "Virtual Machines",
               "traversalSpecId": null,
               "viewDefinitionId": "3c32ba9d-e71c-4f2c-bf46-844d1b07857f"
            },
            "gridsterCoords": {
               "h": 16,
               "w": 12,
               "x": 1,
               "y": 1
            },
            "height": 893,
            "id": "2c9d6022-ee73-480e-a592-30d086f3ec6f",
            "title": "Virtual Machines",
            "type": "View"
         },
         {
            "collapsed": true,
            "config": {
               "refreshContent": {"refreshContent": false},
               "refreshInterval": 300,
               "resInteractionMode": "Dash-VM-Troubleshooting-ClusterKPI",
               "resourceMetrics": [],
               "selfProvider": {"selfProvider": false},
               "title": "8. Does the cluster serving the VM has contention?"
            },
            "gridsterCoords": {
               "h": 1,
               "w": 6,
               "x": 1,
               "y": 17
            },
            "height": 543,
            "id": "a3e32e31-6f2c-4294-b3c5-e33ddc7961d8",
            "states": [
               {
                  "key": "permBtn_splitGraphs_permMetricChart_widget_a23edd61-4ba6-4bfa-8a4a-43f4726415e2_a3e32e31-6f2c-4294-b3c5-e33ddc7961d8",
                  "value": "b%3A1"
               },
               {
                  "key": "permBtn_pan_permMetricChart_widget_a23edd61-4ba6-4bfa-8a4a-43f4726415e2_a3e32e31-6f2c-4294-b3c5-e33ddc7961d8",
                  "value": "b%3A0"
               },
               {
                  "key": "permBtn_zoomAllGraphs_permMetricChart_widget_a23edd61-4ba6-4bfa-8a4a-43f4726415e2_a3e32e31-6f2c-4294-b3c5-e33ddc7961d8",
                  "value": "b%3A0"
               },
               {
                  "key": "permDateRange1_permMetricChart_widget_a23edd61-4ba6-4bfa-8a4a-43f4726415e2_a3e32e31-6f2c-4294-b3c5-e33ddc7961d8",
                  "value": "s%3A%7B%22dateRange%22%3A%22last6Hour%22%2C%22dateFrom%22%3Anull%2C%22dateTo%22%3Anull%2C%22timeFrom%22%3Anull%2C%22timeTo%22%3Anull%7D"
               },
               {
                  "key": "permMetricChart_widget_a23edd61-4ba6-4bfa-8a4a-43f4726415e2_a3e32e31-6f2c-4294-b3c5-e33ddc7961d8",
                  "value": "o%3A"
               }
            ],
            "title": "8. Does the cluster serving the VM has contention?",
            "type": "MetricChart"
         },
         {
            "collapsed": true,
            "config": {
               "additionalColumns": [],
               "mode": {"mode": 1},
               "refreshContent": {"refreshContent": false},
               "refreshInterval": 300,
               "selectFirstRow": {"selectFirstRow": true},
               "tagFilter": {
                  "path": ["/source/kind/kind:resourceKind:id:0_::_"],
                  "value": {
                     "adapterInstance": [],
                     "adapterKind": [],
                     "bus": [],
                     "collector": [],
                     "day": [],
                     "exclaim": false,
                     "healthRange": [],
                     "kind": ["resourceKind:id:0_::_"],
                     "maintenanceSchedule": [],
                     "state": [],
                     "status": [],
                     "tag": [],
                     "tier": []
                  }
               },
               "title": "Parent Host"
            },
            "gridsterCoords": {
               "h": 1,
               "w": 6,
               "x": 1,
               "y": 18
            },
            "height": 291,
            "id": "7f10bc4e-9aca-4552-9d17-e160ff650668",
            "states": [{
               "key": "permResGrid_widget_a23edd61-4ba6-4bfa-8a4a-43f4726415e2_7f10bc4e-9aca-4552-9d17-e160ff650668",
               "value": "o%3Acolumns%3Da%253Ao%25253Aid%25253Ds%2525253Ah1%25255Ehidden%25253Db%2525253A1%25255Ewidth%25253Dn%2525253A100%255Eo%25253Aid%25253Ds%2525253Ah2%25255Ewidth%25253Dn%2525253A252%255Eo%25253Aid%25253Ds%2525253Ah3%25255Ehidden%25253Db%2525253A1%25255Ewidth%25253Dn%2525253A100%255Eo%25253Aid%25253Ds%2525253Ah4%25255Ehidden%25253Db%2525253A1%25255Ewidth%25253Dn%2525253A100%255Eo%25253Aid%25253Ds%2525253Ah5%25255Ewidth%25253Dn%2525253A180%255Eo%25253Aid%25253Ds%2525253Ah6%25255Ehidden%25253Db%2525253A1%25255Ewidth%25253Dn%2525253A100%255Eo%25253Aid%25253Ds%2525253Ah7%25255Ehidden%25253Db%2525253A1%25255Ewidth%25253Dn%2525253A100%255Eo%25253Aid%25253Ds%2525253Ah8%25255Ehidden%25253Db%2525253A1%25255Ewidth%25253Dn%2525253A100%255Eo%25253Aid%25253Ds%2525253Ah9%25255Ehidden%25253Db%2525253A1%25255Ewidth%25253Dn%2525253A100%255Eo%25253Aid%25253Ds%2525253Ah10%25255Ehidden%25253Db%2525253A1%25255Ewidth%25253Dn%2525253A100%255Eo%25253Aid%25253Ds%2525253Ah11%25255Ehidden%25253Db%2525253A1%25255Ewidth%25253Dn%2525253A100%255Eo%25253Aid%25253Ds%2525253Ah12%25255Ehidden%25253Db%2525253A1%25255Ewidth%25253Dn%2525253A100%255Eo%25253Aid%25253Ds%2525253Ah13%25255Ehidden%25253Db%2525253A1%25255Ewidth%25253Dn%2525253A100%255Eo%25253Aid%25253Ds%2525253Ah14%25255Ehidden%25253Db%2525253A1%25255Ewidth%25253Dn%2525253A100%255Eo%25253Aid%25253Ds%2525253Ah15%25255Ehidden%25253Db%2525253A1%25255Ewidth%25253Dn%2525253A100%255Eo%25253Aid%25253Ds%2525253Ah16%25255Ehidden%25253Db%2525253A1%25255Ewidth%25253Dn%2525253A100%255Eo%25253Aid%25253Ds%2525253Ah17%25255Ehidden%25253Db%2525253A1%25255Ewidth%25253Dn%2525253A100%255Eo%25253Aid%25253Ds%2525253Ah18%25255Ehidden%25253Db%2525253A1%25255Ewidth%25253Dn%2525253A100%255Eo%25253Aid%25253Ds%2525253Ah19%25255Ehidden%25253Db%2525253A1%25255Ewidth%25253Dn%2525253A100%255Eo%25253Aid%25253Ds%2525253Ah20%25255Ehidden%25253Db%2525253A1%25255Ewidth%25253Dn%2525253A100%255Eo%25253Aid%25253Ds%2525253Ah21%25255Ehidden%25253Db%2525253A1%25255Ewidth%25253Dn%2525253A100%255Eo%25253Aid%25253Ds%2525253Ah22%25255Ehidden%25253Db%2525253A1%25255Ewidth%25253Dn%2525253A100%255Eo%25253Aid%25253Ds%2525253Ah23%25255Ehidden%25253Db%2525253A1%25255Ewidth%25253Dn%2525253A100%255Eo%25253Aid%25253Ds%2525253Ah24%25255Ehidden%25253Db%2525253A1%25255Ewidth%25253Dn%2525253A100%255Eo%25253Aid%25253Ds%2525253Ah25%25255Ehidden%25253Db%2525253A1%25255Ewidth%25253Dn%2525253A100%255Eo%25253Aid%25253Ds%2525253Ah26%25255Ehidden%25253Db%2525253A1%25255Ewidth%25253Dn%2525253A100%255Eo%25253Aid%25253Ds%2525253Ah27%25255Ehidden%25253Db%2525253A1%25255Ewidth%25253Dn%2525253A100%255Eo%25253Aid%25253Ds%2525253Ah28%25255Ehidden%25253Db%2525253A1%25255Ewidth%25253Dn%2525253A100%255Eo%25253Aid%25253Ds%2525253Ah29%25255Ehidden%25253Db%2525253A1%25255Ewidth%25253Dn%2525253A100%255Eo%25253Aid%25253Ds%2525253Ah30%25255Ehidden%25253Db%2525253A1%25255Ewidth%25253Dn%2525253A100%255Eo%25253Aid%25253Ds%2525253Ah31%25255Ehidden%25253Db%2525253A1%25255Ewidth%25253Dn%2525253A100%255Eo%25253Aid%25253Ds%2525253Ah32%25255Ehidden%25253Db%2525253A1%25255Ewidth%25253Dn%2525253A100%255Eo%25253Aid%25253Ds%2525253Ah33%25255Ehidden%25253Db%2525253A1%25255Ewidth%25253Dn%2525253A100%255Eo%25253Aid%25253Ds%2525253Ah34%25255Ehidden%25253Db%2525253A1%25255Ewidth%25253Dn%2525253A100%255Eo%25253Aid%25253Ds%2525253Ah35%25255Ehidden%25253Db%2525253A1%25255Ewidth%25253Dn%2525253A100%255Eo%25253Aid%25253Ds%2525253Ah36%25255Ehidden%25253Db%2525253A1%25255Ewidth%25253Dn%2525253A100%255Eo%25253Aid%25253Ds%2525253Ah37%25255Ehidden%25253Db%2525253A1%25255Ewidth%25253Dn%2525253A100%255Eo%25253Aid%25253Ds%2525253Ah38%25255Ehidden%25253Db%2525253A1%25255Ewidth%25253Dn%2525253A100%255Eo%25253Aid%25253Ds%2525253Ah39%25255Ehidden%25253Db%2525253A1%25255Ewidth%25253Dn%2525253A100%255Eo%25253Aid%25253Ds%2525253Ah40%25255Ehidden%25253Db%2525253A1%25255Ewidth%25253Dn%2525253A100%255Eo%25253Aid%25253Ds%2525253Ah41%25255Ehidden%25253Db%2525253A1%25255Ewidth%25253Dn%2525253A100%255Eo%25253Aid%25253Ds%2525253Ah42%25255Ehidden%25253Db%2525253A1%25255Ewidth%25253Dn%2525253A100%255Eo%25253Aid%25253Ds%2525253Ah43%25255Ehidden%25253Db%2525253A1%25255Ewidth%25253Dn%2525253A100%255Eo%25253Aid%25253Ds%2525253Ah44%25255Ehidden%25253Db%2525253A1%25255Ewidth%25253Dn%2525253A100%255Eo%25253Aid%25253Ds%2525253Ah45%25255Ehidden%25253Db%2525253A1%25255Ewidth%25253Dn%2525253A100%255Eo%25253Aid%25253Ds%2525253Ah46%25255Ehidden%25253Db%2525253A1%25255Ewidth%25253Dn%2525253A100"
            }],
            "title": "Parent Host",
            "type": "ResourceList"
         },
         {
            "collapsed": true,
            "config": {
               "additionalColumns": [],
               "mode": {"mode": 1},
               "refreshContent": {"refreshContent": false},
               "refreshInterval": 300,
               "selectFirstRow": {"selectFirstRow": true},
               "tagFilter": {
                  "path": ["/source/kind/kind:resourceKind:id:1_::_"],
                  "value": {
                     "adapterInstance": [],
                     "adapterKind": [],
                     "bus": [],
                     "collector": [],
                     "day": [],
                     "exclaim": false,
                     "healthRange": [],
                     "kind": ["resourceKind:id:1_::_"],
                     "maintenanceSchedule": [],
                     "state": [],
                     "status": [],
                     "tag": [],
                     "tier": []
                  }
               },
               "title": "Parent Cluster"
            },
            "gridsterCoords": {
               "h": 1,
               "w": 6,
               "x": 7,
               "y": 18
            },
            "height": 267,
            "id": "5c388b8b-8e38-49fc-8e61-61509bc8011e",
            "states": [{
               "key": "permResGrid_widget_a23edd61-4ba6-4bfa-8a4a-43f4726415e2_5c388b8b-8e38-49fc-8e61-61509bc8011e",
               "value": "o%3Acolumns%3Da%253Ao%25253Aid%25253Ds%2525253Ah1%25255Ehidden%25253Db%2525253A1%25255Ewidth%25253Dn%2525253A100%255Eo%25253Aid%25253Ds%2525253Ah2%25255Ewidth%25253Dn%2525253A252%255Eo%25253Aid%25253Ds%2525253Ah3%25255Ehidden%25253Db%2525253A1%25255Ewidth%25253Dn%2525253A100%255Eo%25253Aid%25253Ds%2525253Ah4%25255Ehidden%25253Db%2525253A1%25255Ewidth%25253Dn%2525253A100%255Eo%25253Aid%25253Ds%2525253Ah5%25255Ewidth%25253Dn%2525253A180%255Eo%25253Aid%25253Ds%2525253Ah6%25255Ehidden%25253Db%2525253A1%25255Ewidth%25253Dn%2525253A100%255Eo%25253Aid%25253Ds%2525253Ah7%25255Ehidden%25253Db%2525253A1%25255Ewidth%25253Dn%2525253A100%255Eo%25253Aid%25253Ds%2525253Ah8%25255Ehidden%25253Db%2525253A1%25255Ewidth%25253Dn%2525253A100%255Eo%25253Aid%25253Ds%2525253Ah9%25255Ehidden%25253Db%2525253A1%25255Ewidth%25253Dn%2525253A100%255Eo%25253Aid%25253Ds%2525253Ah10%25255Ehidden%25253Db%2525253A1%25255Ewidth%25253Dn%2525253A100%255Eo%25253Aid%25253Ds%2525253Ah11%25255Ehidden%25253Db%2525253A1%25255Ewidth%25253Dn%2525253A100%255Eo%25253Aid%25253Ds%2525253Ah12%25255Ehidden%25253Db%2525253A1%25255Ewidth%25253Dn%2525253A100%255Eo%25253Aid%25253Ds%2525253Ah13%25255Ehidden%25253Db%2525253A1%25255Ewidth%25253Dn%2525253A100%255Eo%25253Aid%25253Ds%2525253Ah14%25255Ehidden%25253Db%2525253A1%25255Ewidth%25253Dn%2525253A100%255Eo%25253Aid%25253Ds%2525253Ah15%25255Ehidden%25253Db%2525253A1%25255Ewidth%25253Dn%2525253A100%255Eo%25253Aid%25253Ds%2525253Ah16%25255Ehidden%25253Db%2525253A1%25255Ewidth%25253Dn%2525253A100%255Eo%25253Aid%25253Ds%2525253Ah17%25255Ehidden%25253Db%2525253A1%25255Ewidth%25253Dn%2525253A100%255Eo%25253Aid%25253Ds%2525253Ah18%25255Ehidden%25253Db%2525253A1%25255Ewidth%25253Dn%2525253A100%255Eo%25253Aid%25253Ds%2525253Ah19%25255Ehidden%25253Db%2525253A1%25255Ewidth%25253Dn%2525253A100%255Eo%25253Aid%25253Ds%2525253Ah20%25255Ehidden%25253Db%2525253A1%25255Ewidth%25253Dn%2525253A100%255Eo%25253Aid%25253Ds%2525253Ah21%25255Ehidden%25253Db%2525253A1%25255Ewidth%25253Dn%2525253A100%255Eo%25253Aid%25253Ds%2525253Ah22%25255Ehidden%25253Db%2525253A1%25255Ewidth%25253Dn%2525253A100%255Eo%25253Aid%25253Ds%2525253Ah23%25255Ehidden%25253Db%2525253A1%25255Ewidth%25253Dn%2525253A100%255Eo%25253Aid%25253Ds%2525253Ah24%25255Ehidden%25253Db%2525253A1%25255Ewidth%25253Dn%2525253A100%255Eo%25253Aid%25253Ds%2525253Ah25%25255Ehidden%25253Db%2525253A1%25255Ewidth%25253Dn%2525253A100%255Eo%25253Aid%25253Ds%2525253Ah26%25255Ehidden%25253Db%2525253A1%25255Ewidth%25253Dn%2525253A100%255Eo%25253Aid%25253Ds%2525253Ah27%25255Ehidden%25253Db%2525253A1%25255Ewidth%25253Dn%2525253A100%255Eo%25253Aid%25253Ds%2525253Ah28%25255Ehidden%25253Db%2525253A1%25255Ewidth%25253Dn%2525253A100%255Eo%25253Aid%25253Ds%2525253Ah29%25255Ehidden%25253Db%2525253A1%25255Ewidth%25253Dn%2525253A100%255Eo%25253Aid%25253Ds%2525253Ah30%25255Ehidden%25253Db%2525253A1%25255Ewidth%25253Dn%2525253A100%255Eo%25253Aid%25253Ds%2525253Ah31%25255Ehidden%25253Db%2525253A1%25255Ewidth%25253Dn%2525253A100%255Eo%25253Aid%25253Ds%2525253Ah32%25255Ehidden%25253Db%2525253A1%25255Ewidth%25253Dn%2525253A100%255Eo%25253Aid%25253Ds%2525253Ah33%25255Ehidden%25253Db%2525253A1%25255Ewidth%25253Dn%2525253A100%255Eo%25253Aid%25253Ds%2525253Ah34%25255Ehidden%25253Db%2525253A1%25255Ewidth%25253Dn%2525253A100%255Eo%25253Aid%25253Ds%2525253Ah35%25255Ehidden%25253Db%2525253A1%25255Ewidth%25253Dn%2525253A100%255Eo%25253Aid%25253Ds%2525253Ah36%25255Ehidden%25253Db%2525253A1%25255Ewidth%25253Dn%2525253A100%255Eo%25253Aid%25253Ds%2525253Ah37%25255Ehidden%25253Db%2525253A1%25255Ewidth%25253Dn%2525253A100%255Eo%25253Aid%25253Ds%2525253Ah38%25255Ehidden%25253Db%2525253A1%25255Ewidth%25253Dn%2525253A100%255Eo%25253Aid%25253Ds%2525253Ah39%25255Ehidden%25253Db%2525253A1%25255Ewidth%25253Dn%2525253A100%255Eo%25253Aid%25253Ds%2525253Ah40%25255Ehidden%25253Db%2525253A1%25255Ewidth%25253Dn%2525253A100%255Eo%25253Aid%25253Ds%2525253Ah41%25255Ehidden%25253Db%2525253A1%25255Ewidth%25253Dn%2525253A100%255Eo%25253Aid%25253Ds%2525253Ah42%25255Ehidden%25253Db%2525253A1%25255Ewidth%25253Dn%2525253A100%255Eo%25253Aid%25253Ds%2525253Ah43%25255Ehidden%25253Db%2525253A1%25255Ewidth%25253Dn%2525253A100%255Eo%25253Aid%25253Ds%2525253Ah44%25255Ehidden%25253Db%2525253A1%25255Ewidth%25253Dn%2525253A100%255Eo%25253Aid%25253Ds%2525253Ah45%25255Ehidden%25253Db%2525253A1%25255Ewidth%25253Dn%2525253A100%255Eo%25253Aid%25253Ds%2525253Ah46%25255Ehidden%25253Db%2525253A1%25255Ewidth%25253Dn%2525253A100"
            }],
            "title": "Parent Cluster",
            "type": "ResourceList"
         }
      ]
   }],
   "entries": {
      "resource": [{
         "adapterKindKey": "VMWARE",
         "identifiers": [],
         "internalId": "resource:id:0_::_",
         "name": "vSphere World",
         "resourceKindKey": "vSphere World"
      }],
      "resourceKind": [
         {
            "adapterKindKey": "VMWARE",
            "internalId": "resourceKind:id:0_::_",
            "resourceKindKey": "HostSystem"
         },
         {
            "adapterKindKey": "VMWARE",
            "internalId": "resourceKind:id:1_::_",
            "resourceKindKey": "ClusterComputeResource"
         }
      ]
   },
   "uuid": "9243c2e1-fc59-4a1f-a405-f487ecc409f9"
}