{
   "dashboards": [{
      "autoswitchEnabled": false,
      "columnCount": 1,
      "columnProportion": "1",
      "creationTime": 1537957439597,
      "description": "Designed to replace the Summary Page that comes out of the box. It focuses on Performance and designed to complement the remaining tabs on the Object page.\n\nAuthor: e1@vmware.com",
      "disabled": false,
      "gridsterMaxColumns": 12,
      "hidden": false,
      "homeTab": false,
      "id": "2ef0262e-cd62-4d95-a8a2-bf08c8534c54",
      "importAttempts": 0,
      "importComplete": true,
      "isDefault": false,
      "locked": false,
      "name": "09 Object Summary Page/Performance: VM",
      "namePath": "09 Object Summary Page",
      "rank": 13,
      "shared": false,
      "temporary": false,
      "userId": "65acb837-56df-4089-81d1-482a1876d7ca",
      "widgetInteractions": [],
      "widgets": [
         {
            "collapsed": false,
            "config": {
               "chartHeight": 80,
               "metricKey": "cpu|costopPct",
               "metricLabel": "",
               "metricName": "CPU|Co-stop (%)",
               "metricType": {"metricType": "custom"},
               "metricUnit": {
                  "metricUnitId": "percent",
                  "metricUnitName": "%"
               },
               "mode": "self",
               "orangeBound": 3,
               "paginationNumber": 15,
               "redBound": 5,
               "refreshContent": {"refreshContent": false},
               "refreshInterval": 300,
               "resourceKindId": "resourceKind:id:0_::_",
               "selectFirstRow": {"selectFirstRow": false},
               "selfProvider": {"selfProvider": false},
               "showMetricLabel": {"showMetricLabel": false},
               "showResourceName": {"showResourceName": false},
               "sortBy": "metricValue",
               "sortByDir": {"orderByDir": "asc"},
               "tagFilter": null,
               "title": "Co-Stop",
               "undefined": "CPU|Co-stop (%)",
               "yellowBound": 1
            },
            "gridsterCoords": {
               "h": 4,
               "w": 3,
               "x": 1,
               "y": 8
            },
            "height": 210,
            "id": "8980f5a2-d4f6-4a32-95c2-275751f1fbc0",
            "states": [{
               "key": "permDateRange_HealthChart_widget_2ef0262e-cd62-4d95-a8a2-bf08c8534c54_8980f5a2-d4f6-4a32-95c2-275751f1fbc0",
               "value": "s%3A%7B%22dateRange%22%3A%22last6Hour%22%2C%22dateFrom%22%3Anull%2C%22dateTo%22%3Anull%2C%22timeFrom%22%3Anull%2C%22timeTo%22%3Anull%7D"
            }],
            "title": "Co-Stop",
            "type": "HealthChart"
         },
         {
            "collapsed": false,
            "config": {
               "chartHeight": 80,
               "metricKey": "cpu|readyPct",
               "metricLabel": "",
               "metricName": "CPU|Ready (%)",
               "metricType": {"metricType": "custom"},
               "metricUnit": {
                  "metricUnitId": "percent",
                  "metricUnitName": "%"
               },
               "mode": "self",
               "orangeBound": 6,
               "paginationNumber": 15,
               "redBound": 10,
               "refreshContent": {"refreshContent": false},
               "refreshInterval": 300,
               "resourceKindId": "resourceKind:id:0_::_",
               "selectFirstRow": {"selectFirstRow": false},
               "selfProvider": {"selfProvider": false},
               "showMetricLabel": {"showMetricLabel": false},
               "showResourceName": {"showResourceName": false},
               "sortBy": "metricValue",
               "sortByDir": {"orderByDir": "asc"},
               "tagFilter": null,
               "title": "CPU Ready",
               "undefined": "CPU|Ready (%)",
               "yellowBound": 2
            },
            "gridsterCoords": {
               "h": 4,
               "w": 3,
               "x": 4,
               "y": 8
            },
            "height": 210,
            "id": "9186a69b-ded7-41d0-89ae-8e280077c552",
            "states": [{
               "key": "permDateRange_HealthChart_widget_2ef0262e-cd62-4d95-a8a2-bf08c8534c54_9186a69b-ded7-41d0-89ae-8e280077c552",
               "value": "s%3A%7B%22dateRange%22%3A%22last6Hour%22%2C%22dateFrom%22%3Anull%2C%22dateTo%22%3Anull%2C%22timeFrom%22%3Anull%2C%22timeTo%22%3Anull%7D"
            }],
            "title": "CPU Ready",
            "type": "HealthChart"
         },
         {
            "collapsed": false,
            "config": {
               "chartHeight": 80,
               "metricKey": "mem|host_contentionPct",
               "metricLabel": "",
               "metricName": "Memory|Contention (%)",
               "metricType": {"metricType": "custom"},
               "metricUnit": {
                  "metricUnitId": -1,
                  "metricUnitName": "Default Unit"
               },
               "mode": "self",
               "orangeBound": 3,
               "paginationNumber": 15,
               "redBound": 5,
               "refreshContent": {"refreshContent": false},
               "refreshInterval": 300,
               "resourceKindId": "resourceKind:id:0_::_",
               "selectFirstRow": {"selectFirstRow": false},
               "selfProvider": {"selfProvider": false},
               "showMetricLabel": {"showMetricLabel": false},
               "showResourceName": {"showResourceName": false},
               "sortBy": "metricValue",
               "sortByDir": {"orderByDir": "asc"},
               "tagFilter": null,
               "title": "Memory Contention",
               "undefined": "Memory|Contention (%)",
               "yellowBound": 1
            },
            "gridsterCoords": {
               "h": 4,
               "w": 3,
               "x": 7,
               "y": 4
            },
            "height": 210,
            "id": "4ad3f1e2-f45b-42ee-932b-15f7128c647c",
            "states": [{
               "key": "permDateRange_HealthChart_widget_2ef0262e-cd62-4d95-a8a2-bf08c8534c54_4ad3f1e2-f45b-42ee-932b-15f7128c647c",
               "value": "s%3A%7B%22dateRange%22%3A%22last6Hour%22%2C%22dateFrom%22%3Anull%2C%22dateTo%22%3Anull%2C%22timeFrom%22%3Anull%2C%22timeTo%22%3Anull%7D"
            }],
            "title": "Memory Contention",
            "type": "HealthChart"
         },
         {
            "collapsed": false,
            "config": {
               "chartHeight": 80,
               "metricKey": "cpu|usage_average",
               "metricLabel": "",
               "metricName": "CPU|Usage (%)",
               "metricType": {"metricType": "custom"},
               "metricUnit": {
                  "metricUnitId": -1,
                  "metricUnitName": "Default Unit"
               },
               "mode": "self",
               "orangeBound": 90,
               "paginationNumber": 15,
               "redBound": 95,
               "refreshContent": {"refreshContent": false},
               "refreshInterval": 300,
               "resourceKindId": "resourceKind:id:0_::_",
               "selectFirstRow": {"selectFirstRow": false},
               "selfProvider": {"selfProvider": false},
               "showMetricLabel": {"showMetricLabel": false},
               "showResourceName": {"showResourceName": false},
               "sortBy": "metricValue",
               "sortByDir": {"orderByDir": "asc"},
               "tagFilter": null,
               "title": "VM CPU Usage",
               "undefined": "CPU|Usage (%)",
               "yellowBound": 85
            },
            "gridsterCoords": {
               "h": 4,
               "w": 3,
               "x": 1,
               "y": 12
            },
            "height": 210,
            "id": "e81bb0fa-f6b1-4e5a-9e3e-aac7ae38a741",
            "states": [{
               "key": "permDateRange_HealthChart_widget_2ef0262e-cd62-4d95-a8a2-bf08c8534c54_e81bb0fa-f6b1-4e5a-9e3e-aac7ae38a741",
               "value": "s%3A%7B%22dateRange%22%3A%22last6Hour%22%2C%22dateFrom%22%3Anull%2C%22dateTo%22%3Anull%2C%22timeFrom%22%3Anull%2C%22timeTo%22%3Anull%7D"
            }],
            "title": "VM CPU Usage",
            "type": "HealthChart"
         },
         {
            "collapsed": false,
            "config": {
               "chartHeight": 80,
               "metricKey": "Super Metric|sm_34b82c9d-ddcc-42ac-93c2-6e92984a0d9f",
               "metricLabel": "",
               "metricName": "Ops. Guest OS RAM Used (%)",
               "metricType": {"metricType": "custom"},
               "metricUnit": {
                  "metricUnitId": -1,
                  "metricUnitName": "Default Unit"
               },
               "mode": "self",
               "orangeBound": 80,
               "paginationNumber": 15,
               "redBound": 90,
               "refreshContent": {"refreshContent": false},
               "refreshInterval": 300,
               "resourceKindId": "resourceKind:id:0_::_",
               "selectFirstRow": {"selectFirstRow": false},
               "selfProvider": {"selfProvider": false},
               "showMetricLabel": {"showMetricLabel": false},
               "showResourceName": {"showResourceName": false},
               "sortBy": "metricValue",
               "sortByDir": {"orderByDir": "asc"},
               "tagFilter": null,
               "title": "Guest OS RAM Usage (%)",
               "undefined": "Super Metric|Ops. Guest OS RAM Used (%)",
               "yellowBound": 70
            },
            "gridsterCoords": {
               "h": 4,
               "w": 3,
               "x": 4,
               "y": 12
            },
            "height": 210,
            "id": "736796b3-217a-481a-96ab-fefe0c83ad53",
            "states": [{
               "key": "permDateRange_HealthChart_widget_2ef0262e-cd62-4d95-a8a2-bf08c8534c54_736796b3-217a-481a-96ab-fefe0c83ad53",
               "value": "s%3A%7B%22dateRange%22%3A%22last6Hour%22%2C%22dateFrom%22%3Anull%2C%22dateTo%22%3Anull%2C%22timeFrom%22%3Anull%2C%22timeTo%22%3Anull%7D"
            }],
            "title": "Guest OS RAM Usage (%)",
            "type": "HealthChart"
         },
         {
            "collapsed": false,
            "config": {
               "chartHeight": 80,
               "metricKey": "virtualDisk:Aggregate of all instances|totalLatency",
               "metricLabel": "",
               "metricName": "Virtual Disk:Aggregate of all instances|Total Latency (ms)",
               "metricType": {"metricType": "custom"},
               "metricUnit": {
                  "metricUnitId": "msec",
                  "metricUnitName": "ms"
               },
               "mode": "self",
               "orangeBound": 20,
               "paginationNumber": 15,
               "redBound": 30,
               "refreshContent": {"refreshContent": false},
               "refreshInterval": 300,
               "resourceKindId": "resourceKind:id:0_::_",
               "selectFirstRow": {"selectFirstRow": false},
               "selfProvider": {"selfProvider": false},
               "showMetricLabel": {"showMetricLabel": false},
               "showResourceName": {"showResourceName": false},
               "sortBy": "metricValue",
               "sortByDir": {"orderByDir": "asc"},
               "tagFilter": null,
               "title": "Disk Latency",
               "undefined": "Virtual Disk:Aggregate of all instances|Total Latency (ms)",
               "yellowBound": 10
            },
            "gridsterCoords": {
               "h": 4,
               "w": 3,
               "x": 10,
               "y": 4
            },
            "height": 210,
            "id": "5851bcb8-03fd-46b3-a41a-5c85bc851951",
            "states": [{
               "key": "permDateRange_HealthChart_widget_2ef0262e-cd62-4d95-a8a2-bf08c8534c54_5851bcb8-03fd-46b3-a41a-5c85bc851951",
               "value": "s%3A%7B%22dateRange%22%3A%22last6Hour%22%2C%22dateFrom%22%3Anull%2C%22dateTo%22%3Anull%2C%22timeFrom%22%3Anull%2C%22timeTo%22%3Anull%7D"
            }],
            "title": "Disk Latency",
            "type": "HealthChart"
         },
         {
            "collapsed": false,
            "config": {
               "chartHeight": 80,
               "metricKey": "net|droppedTx_summation",
               "metricLabel": "",
               "metricName": "Network|Transmitted Packets Dropped",
               "metricType": {"metricType": "custom"},
               "metricUnit": {
                  "metricUnitId": -1,
                  "metricUnitName": "Default Unit"
               },
               "mode": "self",
               "orangeBound": 2,
               "paginationNumber": 15,
               "redBound": 3,
               "refreshContent": {"refreshContent": false},
               "refreshInterval": 300,
               "resourceKindId": "resourceKind:id:0_::_",
               "selectFirstRow": {"selectFirstRow": false},
               "selfProvider": {"selfProvider": false},
               "showMetricLabel": {"showMetricLabel": false},
               "showResourceName": {"showResourceName": false},
               "sortBy": "metricValue",
               "sortByDir": {"orderByDir": "asc"},
               "tagFilter": null,
               "title": "Network TX Dropped Packet",
               "undefined": "Network|Transmitted Packets Dropped",
               "yellowBound": 1
            },
            "gridsterCoords": {
               "h": 4,
               "w": 3,
               "x": 7,
               "y": 12
            },
            "height": 210,
            "id": "e6458b4e-5336-453f-84ed-e9ed727e9538",
            "states": [{
               "key": "permDateRange_HealthChart_widget_2ef0262e-cd62-4d95-a8a2-bf08c8534c54_e6458b4e-5336-453f-84ed-e9ed727e9538",
               "value": "s%3A%7B%22dateRange%22%3A%22last6Hour%22%2C%22dateFrom%22%3Anull%2C%22dateTo%22%3Anull%2C%22timeFrom%22%3Anull%2C%22timeTo%22%3Anull%7D"
            }],
            "title": "Network TX Dropped Packet",
            "type": "HealthChart"
         },
         {
            "collapsed": false,
            "config": {
               "chartHeight": 80,
               "metricKey": "guest|page.inRate_latest",
               "metricLabel": "",
               "metricName": "Guest|Page In Rate per second",
               "metricType": {"metricType": "custom"},
               "metricUnit": {
                  "metricUnitId": -1,
                  "metricUnitName": "Default Unit"
               },
               "mode": "self",
               "orangeBound": 4096,
               "paginationNumber": 15,
               "redBound": 8192,
               "refreshContent": {"refreshContent": false},
               "refreshInterval": 300,
               "resourceKindId": "resourceKind:id:0_::_",
               "selectFirstRow": {"selectFirstRow": false},
               "selfProvider": {"selfProvider": false},
               "showMetricLabel": {"showMetricLabel": false},
               "showResourceName": {"showResourceName": false},
               "sortBy": "metricValue",
               "sortByDir": {"orderByDir": "asc"},
               "tagFilter": null,
               "title": "Guest OS: RAM Page-in Rate",
               "undefined": "Guest|Page In Rate per second",
               "yellowBound": 1024
            },
            "gridsterCoords": {
               "h": 4,
               "w": 3,
               "x": 4,
               "y": 4
            },
            "height": 210,
            "id": "0bceed11-5208-46ae-829e-1c45aed4b883",
            "states": [{
               "key": "permDateRange_HealthChart_widget_2ef0262e-cd62-4d95-a8a2-bf08c8534c54_0bceed11-5208-46ae-829e-1c45aed4b883",
               "value": "s%3A%7B%22dateRange%22%3A%22last6Hour%22%2C%22dateFrom%22%3Anull%2C%22dateTo%22%3Anull%2C%22timeFrom%22%3Anull%2C%22timeTo%22%3Anull%7D"
            }],
            "title": "Guest OS: RAM Page-in Rate",
            "type": "HealthChart"
         },
         {
            "collapsed": false,
            "config": {
               "chartHeight": 80,
               "metricKey": "guest|page.inRate_latest",
               "metricLabel": "",
               "metricName": "Guest|Page In Rate per second",
               "metricType": {"metricType": "custom"},
               "metricUnit": {
                  "metricUnitId": -1,
                  "metricUnitName": "Default Unit"
               },
               "mode": "self",
               "orangeBound": 30000,
               "paginationNumber": 15,
               "redBound": 50000,
               "refreshContent": {"refreshContent": false},
               "refreshInterval": 300,
               "resourceKindId": "resourceKind:id:0_::_",
               "selectFirstRow": {"selectFirstRow": false},
               "selfProvider": {"selfProvider": false},
               "showMetricLabel": {"showMetricLabel": false},
               "showResourceName": {"showResourceName": false},
               "sortBy": "metricValue",
               "sortByDir": {"orderByDir": "asc"},
               "tagFilter": null,
               "title": "Guest OS: CPU Context Switch",
               "undefined": "Guest|Page In Rate per second",
               "yellowBound": 10000
            },
            "gridsterCoords": {
               "h": 4,
               "w": 3,
               "x": 1,
               "y": 4
            },
            "height": 210,
            "id": "958a325d-dff4-4910-866c-89b996381fe7",
            "states": [{
               "key": "permDateRange_HealthChart_widget_2ef0262e-cd62-4d95-a8a2-bf08c8534c54_958a325d-dff4-4910-866c-89b996381fe7",
               "value": "s%3A%7B%22dateRange%22%3A%22last6Hour%22%2C%22dateFrom%22%3Anull%2C%22dateTo%22%3Anull%2C%22timeFrom%22%3Anull%2C%22timeTo%22%3Anull%7D"
            }],
            "title": "Guest OS: CPU Context Switch",
            "type": "HealthChart"
         },
         {
            "collapsed": false,
            "config": {
               "chartViewItems": ["legend"],
               "resource": null,
               "selfProvider": {"selfProvider": false},
               "title": "Overall Trend: CPU",
               "viewDefinitionId": "386f58a9-11a0-49c6-9965-ef52331bbbb7"
            },
            "gridsterCoords": {
               "h": 5,
               "w": 6,
               "x": 1,
               "y": 16
            },
            "height": 267,
            "id": "b1f21f7c-1df8-40da-ba7d-1d7e104cdb72",
            "title": "Overall Trend: CPU",
            "type": "View"
         },
         {
            "collapsed": false,
            "config": {
               "chartViewItems": ["legend"],
               "refreshContent": {"refreshContent": false},
               "refreshInterval": 300,
               "resource": null,
               "selectFirstRow": {"selectFirstRow": false},
               "selfProvider": {"selfProvider": false},
               "title": "Overall Trend: RAM",
               "traversalSpecId": "",
               "viewDefinitionId": "79a4071f-fb33-49b4-98c3-ca1ba09dec8c"
            },
            "gridsterCoords": {
               "h": 5,
               "w": 6,
               "x": 1,
               "y": 21
            },
            "height": 267,
            "id": "6b3ce5cb-3e4e-48d6-b168-4e9e18ad4ead",
            "title": "Overall Trend: RAM",
            "type": "View"
         },
         {
            "collapsed": false,
            "config": {
               "chartViewItems": ["legend"],
               "refreshContent": {"refreshContent": false},
               "refreshInterval": 300,
               "resource": null,
               "selectFirstRow": {"selectFirstRow": false},
               "selfProvider": {"selfProvider": false},
               "title": "Overall Trend: Network",
               "traversalSpecId": "",
               "viewDefinitionId": "d07d7b88-b697-4053-ada7-2f97321bc4b9"
            },
            "gridsterCoords": {
               "h": 5,
               "w": 6,
               "x": 7,
               "y": 16
            },
            "height": 267,
            "id": "88b24b0b-903e-417e-b965-33a0f84b7a9d",
            "title": "Overall Trend: Network",
            "type": "View"
         },
         {
            "collapsed": false,
            "config": {
               "chartViewItems": ["legend"],
               "refreshContent": {"refreshContent": false},
               "refreshInterval": 300,
               "resource": null,
               "selectFirstRow": {"selectFirstRow": false},
               "selfProvider": {"selfProvider": false},
               "title": "Overall Trend: Disk",
               "traversalSpecId": "",
               "viewDefinitionId": "c405d143-147b-4a1d-a44a-7048a11c3556"
            },
            "gridsterCoords": {
               "h": 5,
               "w": 6,
               "x": 7,
               "y": 21
            },
            "height": 267,
            "id": "c2ff1772-8e8a-48a1-a2b4-c01d1ce3d9e9",
            "title": "Overall Trend: Disk",
            "type": "View"
         },
         {
            "collapsed": false,
            "config": {
               "chartViewItems": [
                  "legend",
                  "labels"
               ],
               "refreshContent": {"refreshContent": false},
               "refreshInterval": 300,
               "resource": null,
               "selectFirstRow": {"selectFirstRow": false},
               "selfProvider": {"selfProvider": false},
               "title": "Disk Usage",
               "traversalSpecId": "",
               "viewDefinitionId": "cd4246a8-141d-474e-9c85-b023dab3f5cf"
            },
            "gridsterCoords": {
               "h": 4,
               "w": 3,
               "x": 10,
               "y": 12
            },
            "height": 210,
            "id": "6b0a4de5-67dd-4c24-b139-27a87063286f",
            "title": "Disk Usage",
            "type": "View"
         },
         {
            "collapsed": false,
            "config": {
               "chartHeight": 80,
               "metricKey": "diskspace|snapshot",
               "metricLabel": "",
               "metricName": "Disk Space|Snapshot Space (GB)",
               "metricType": {"metricType": "custom"},
               "metricUnit": {
                  "metricUnitId": -1,
                  "metricUnitName": "Default Unit"
               },
               "mode": "self",
               "orangeBound": 1,
               "paginationNumber": 15,
               "redBound": 1.5,
               "refreshContent": {"refreshContent": false},
               "refreshInterval": 300,
               "resourceKindId": "resourceKind:id:0_::_",
               "selectFirstRow": {"selectFirstRow": false},
               "selfProvider": {"selfProvider": false},
               "showMetricLabel": {"showMetricLabel": false},
               "showResourceName": {"showResourceName": false},
               "sortBy": "metricValue",
               "sortByDir": {"orderByDir": "asc"},
               "tagFilter": null,
               "title": "Snapshot (GB)",
               "undefined": "Disk Space|Snapshot Space (GB)",
               "yellowBound": 0.5
            },
            "gridsterCoords": {
               "h": 4,
               "w": 3,
               "x": 7,
               "y": 8
            },
            "height": 210,
            "id": "7eba0950-7c86-47ff-b626-2ef93487438b",
            "states": [{
               "key": "permDateRange_HealthChart_widget_2ef0262e-cd62-4d95-a8a2-bf08c8534c54_7eba0950-7c86-47ff-b626-2ef93487438b",
               "value": "s%3A%7B%22dateRange%22%3A%22last6Hour%22%2C%22dateFrom%22%3Anull%2C%22dateTo%22%3Anull%2C%22timeFrom%22%3Anull%2C%22timeTo%22%3Anull%7D"
            }],
            "title": "Snapshot (GB)",
            "type": "HealthChart"
         },
         {
            "collapsed": false,
            "config": {
               "chartHeight": 80,
               "metricKey": "virtualDisk:Aggregate of all instances|vDiskOIO",
               "metricLabel": "",
               "metricName": "Virtual Disk:Aggregate of all instances|Outstanding IO requests (OIOs)",
               "metricType": {"metricType": "custom"},
               "metricUnit": {
                  "metricUnitId": -1,
                  "metricUnitName": "Default Unit"
               },
               "mode": "self",
               "orangeBound": 32,
               "paginationNumber": 15,
               "redBound": 64,
               "refreshContent": {"refreshContent": false},
               "refreshInterval": 300,
               "resourceKindId": "resourceKind:id:0_::_",
               "selectFirstRow": {"selectFirstRow": false},
               "selfProvider": {"selfProvider": false},
               "showMetricLabel": {"showMetricLabel": false},
               "showResourceName": {"showResourceName": false},
               "sortBy": "metricValue",
               "sortByDir": {"orderByDir": "asc"},
               "tagFilter": null,
               "title": "Outstanding IOs",
               "undefined": "Virtual Disk:Aggregate of all instances|Outstanding IO requests (OIOs)",
               "yellowBound": 16
            },
            "gridsterCoords": {
               "h": 4,
               "w": 3,
               "x": 10,
               "y": 8
            },
            "height": 210,
            "id": "d24b664a-f2f1-4762-8550-ccbe1911c67c",
            "states": [{
               "key": "permDateRange_HealthChart_widget_2ef0262e-cd62-4d95-a8a2-bf08c8534c54_d24b664a-f2f1-4762-8550-ccbe1911c67c",
               "value": "s%3A%7B%22dateRange%22%3A%22last6Hour%22%2C%22dateFrom%22%3Anull%2C%22dateTo%22%3Anull%2C%22timeFrom%22%3Anull%2C%22timeTo%22%3Anull%7D"
            }],
            "title": "Outstanding IOs",
            "type": "HealthChart"
         },
         {
            "collapsed": false,
            "config": {
               "boxColumns": 7,
               "boxHeight": null,
               "labelSize": 12,
               "maxCellCount": 100,
               "metric": {
                  "mode": "resourceKind",
                  "resourceKindMetrics": [
                     {
                        "colorMethod": 0,
                        "id": "extModel9575-1",
                        "isStringMetric": false,
                        "label": "CPU Co-Stop",
                        "link": "http://virtual-red-dot.info/vm-cpu-counters-vsphere/",
                        "metricKey": "cpu|costopPct",
                        "metricName": "CPU|Co-stop",
                        "metricUnitId": "percent",
                        "orangeBound": 5,
                        "redBound": 10,
                        "resourceKindId": "resourceKind:id:0_::_",
                        "resourceKindName": "Virtual Machine",
                        "unit": "%",
                        "yellowBound": 1
                     },
                     {
                        "colorMethod": 0,
                        "id": "extModel9575-2",
                        "isStringMetric": false,
                        "label": "CPU Ready",
                        "link": "http://virtual-red-dot.info/cpu-ready-vs-cpu-contention/",
                        "metricKey": "cpu|readyPct",
                        "metricName": "CPU|Ready",
                        "metricUnitId": "percent",
                        "orangeBound": 5,
                        "redBound": 10,
                        "resourceKindId": "resourceKind:id:0_::_",
                        "resourceKindName": "Virtual Machine",
                        "unit": "%",
                        "yellowBound": 1
                     },
                     {
                        "colorMethod": 0,
                        "id": "extModel9575-5",
                        "isStringMetric": false,
                        "label": "Guest OS RAM Usage",
                        "link": "https://blogs.vmware.com/vsphere/2013/10/understanding-vsphere-active-memory.html",
                        "metricKey": "Super Metric|sm_34b82c9d-ddcc-42ac-93c2-6e92984a0d9f",
                        "metricName": "Super Metric|Ops. Guest OS RAM Used (%)",
                        "metricUnitId": "%",
                        "orangeBound": 80,
                        "redBound": 90,
                        "resourceKindId": "resourceKind:id:0_::_",
                        "resourceKindName": "Virtual Machine",
                        "unit": "%",
                        "yellowBound": 70
                     },
                     {
                        "colorMethod": 0,
                        "id": "extModel9575-6",
                        "isStringMetric": false,
                        "label": "Disk Latency",
                        "link": "",
                        "metricKey": "virtualDisk:Aggregate of all instances|totalLatency",
                        "metricName": "Virtual Disk:Aggregate of all instances|Total Latency",
                        "metricUnitId": "msec",
                        "orangeBound": 20,
                        "redBound": 30,
                        "resourceKindId": "resourceKind:id:0_::_",
                        "resourceKindName": "Virtual Machine",
                        "unit": "ms",
                        "yellowBound": 10
                     },
                     {
                        "colorMethod": 0,
                        "id": "extModel9575-7",
                        "isStringMetric": false,
                        "label": "CPU Usage",
                        "link": "",
                        "metricKey": "cpu|usage_average",
                        "metricName": "CPU|Usage",
                        "metricUnitId": "percent",
                        "orangeBound": 85,
                        "redBound": 95,
                        "resourceKindId": "resourceKind:id:0_::_",
                        "resourceKindName": "Virtual Machine",
                        "unit": "%",
                        "yellowBound": 75
                     },
                     {
                        "colorMethod": 0,
                        "id": "extModel9575-8",
                        "isStringMetric": false,
                        "label": "Network TX Dropped Packet",
                        "link": "",
                        "metricKey": "net|droppedTx_summation",
                        "metricName": "Network|Transmitted Packets Dropped",
                        "metricUnitId": null,
                        "orangeBound": 20,
                        "redBound": 30,
                        "resourceKindId": "resourceKind:id:0_::_",
                        "resourceKindName": "Virtual Machine",
                        "unit": "",
                        "yellowBound": 10
                     },
                     {
                        "colorMethod": 0,
                        "id": "extModel31153-1",
                        "isStringMetric": false,
                        "label": "Guest OS Page-in Rate",
                        "link": "http://virtual-red-dot.info/vrealize-operations-6-7-vm-memory-counters/",
                        "metricKey": "Super Metric|sm_01b91453-1722-4d93-b2b1-066be0596dd0",
                        "metricName": "Super Metric|Ops. VM Page-In Rate %",
                        "metricUnitId": "%",
                        "orangeBound": 2,
                        "redBound": 3,
                        "resourceKindId": "resourceKind:id:0_::_",
                        "resourceKindName": "Virtual Machine",
                        "unit": "%",
                        "yellowBound": 1
                     }
                  ],
                  "resourceMetrics": []
               },
               "mode": {"layoutMode": "fixedView"},
               "periodLength": null,
               "refreshContent": {"refreshContent": false},
               "refreshInterval": 300,
               "relationshipMode": 0,
               "resInteractionMode": null,
               "roundDecimals": 1,
               "selfProvider": {"selfProvider": false},
               "showDT": {"showDT": true},
               "showMetricName": {"showMetricName": true},
               "showMetricUnit": {"showMetricUnit": true},
               "showResourceName": {"showResourceName": false},
               "showSparkline": {"showSparkline": false},
               "title": "Key Performance Indicators",
               "valueSize": 24,
               "visualTheme": 4
            },
            "gridsterCoords": {
               "h": 3,
               "w": 12,
               "x": 1,
               "y": 1
            },
            "height": 153,
            "id": "9fa7af69-7b29-4bad-95d3-6f5746ab983a",
            "title": "Key Performance Indicators",
            "type": "Scoreboard"
         }
      ]
   }],
   "entries": {"resourceKind": [{
      "adapterKindKey": "VMWARE",
      "internalId": "resourceKind:id:0_::_",
      "resourceKindKey": "VirtualMachine"
   }]},
   "uuid": "138445d9-1ea7-49fe-b8b5-c81ba4d7705c"
}