<?xml version="1.0" encoding="UTF-8" standalone="yes"?>
<Content>
    <Views>
        <ViewDef id="386f58a9-11a0-49c6-9965-ef52331bbbb7">
            <Title>Performance: VM Utilization</Title>
            <Description>Used in: Performance: VM</Description>
            <SubjectType adapterKind="VMWARE" resourceKind="VirtualMachine" type="descendant"/>
            <SubjectType adapterKind="VMWARE" resourceKind="VirtualMachine" type="self"/>
            <Usage>dashboard</Usage>
            <Usage>report</Usage>
            <Usage>details</Usage>
            <Usage>content</Usage>
            <Controls>
                <Control id="time-interval-selector_id_1701" type="time-interval-selector" visible="false">
                    <Property name="advancedTimeMode" value="false"/>
                    <Property name="unit" value="MONTHS"/>
                    <Property name="count" value="1"/>
                </Control>
                <Control id="attributes-selector_id_1702" type="attributes-selector" visible="false">
                    <Property name="attributeInfos">
                        <List>
                            <Item>
<Value>
    <Property name="objectType" value="RESOURCE"/>
    <Property name="attributeKey" value="cpu|workload"/>
    <Property name="preferredUnitId" value="percent"/>
    <Property name="isStringAttribute" value="false"/>
    <Property name="adapterKind" value="VMWARE"/>
    <Property name="resourceKind" value="VirtualMachine"/>
    <Property name="rollUpType" value="NONE"/>
    <Property name="rollUpCount" value="0"/>
    <Property name="transformations">
        <List>
            <Item value="NONE"/>
        </List>
    </Property>
    <Property name="isProperty" value="false"/>
    <Property name="displayName" value="Demand"/>
</Value>
                            </Item>
                            <Item>
<Value>
    <Property name="objectType" value="RESOURCE"/>
    <Property name="attributeKey" value="cpu|costopPct"/>
    <Property name="preferredUnitId" value="percent"/>
    <Property name="isStringAttribute" value="false"/>
    <Property name="adapterKind" value="VMWARE"/>
    <Property name="resourceKind" value="VirtualMachine"/>
    <Property name="rollUpType" value="NONE"/>
    <Property name="rollUpCount" value="0"/>
    <Property name="transformations">
        <List>
            <Item value="NONE"/>
        </List>
    </Property>
    <Property name="isProperty" value="false"/>
    <Property name="displayName" value="Co-Stop"/>
</Value>
                            </Item>
                            <Item>
<Value>
    <Property name="objectType" value="RESOURCE"/>
    <Property name="attributeKey" value="cpu|readyPct"/>
    <Property name="preferredUnitId" value="percent"/>
    <Property name="isStringAttribute" value="false"/>
    <Property name="adapterKind" value="VMWARE"/>
    <Property name="resourceKind" value="VirtualMachine"/>
    <Property name="rollUpType" value="NONE"/>
    <Property name="rollUpCount" value="0"/>
    <Property name="transformations">
        <List>
            <Item value="NONE"/>
        </List>
    </Property>
    <Property name="isProperty" value="false"/>
    <Property name="displayName" value="Ready"/>
</Value>
                            </Item>
                        </List>
                    </Property>
                </Control>
                <Control id="pagination-control_id_1703" type="pagination-control" visible="true">
                    <Property name="start" value="0"/>
                    <Property name="size" value="25"/>
                </Control>
            </Controls>
            <DataProviders>
                <DataProvider dataType="trend-view" id="trend-view_id_1700"/>
            </DataProviders>
            <Presentation type="line-chart"/>
        </ViewDef>
    </Views>
</Content>
