<?xml version="1.0" encoding="UTF-8" standalone="yes"?>
<Content>
    <Views>
        <ViewDef id="3c32ba9d-e71c-4f2c-bf46-844d1b07857f">
            <Title>VM Performance</Title>
            <Description>Used in OOTB dashboard: Troubleshoot VM</Description>
            <SubjectType adapterKind="VMWARE" resourceKind="VirtualMachine" type="descendant"/>
            <SubjectType adapterKind="VMWARE" resourceKind="VirtualMachine" type="self"/>
            <Usage>dashboard</Usage>
            <Usage>report</Usage>
            <Usage>details</Usage>
            <Usage>content</Usage>
            <Controls>
                <Control id="time-interval-selector_id_711" type="time-interval-selector" visible="false">
                    <Property name="advancedTimeMode" value="false"/>
                    <Property name="unit" value="MINUTES"/>
                    <Property name="count" value="7"/>
                </Control>
                <Control id="attributes-selector_id_712" type="attributes-selector" visible="false">
                    <Property name="attributeInfos">
                        <List>
                            <Item>
<Value>
    <Property name="objectType" value="RESOURCE"/>
    <Property name="attributeKey" value="config|version"/>
    <Property name="id" value="extModel2052-1"/>
    <Property name="isStringAttribute" value="true"/>
    <Property name="adapterKind" value="VMWARE"/>
    <Property name="resourceKind" value="VirtualMachine"/>
    <Property name="rollUpCount" value="0"/>
    <Property name="transformations">
        <List>
            <Item value="CURRENT"/>
        </List>
    </Property>
    <Property name="isProperty" value="true"/>
    <Property name="displayName" value="HW version"/>
</Value>
                            </Item>
                            <Item>
<Value>
    <Property name="objectType" value="RESOURCE"/>
    <Property name="attributeKey" value="config|hardware|numCpu"/>
    <Property name="id" value="extModel2052-2"/>
    <Property name="isStringAttribute" value="false"/>
    <Property name="adapterKind" value="VMWARE"/>
    <Property name="resourceKind" value="VirtualMachine"/>
    <Property name="rollUpType" value="NONE"/>
    <Property name="rollUpCount" value="0"/>
    <Property name="transformations">
        <List>
            <Item value="CURRENT"/>
        </List>
    </Property>
    <Property name="isProperty" value="true"/>
    <Property name="displayName" value="vCPU"/>
</Value>
                            </Item>
                            <Item>
<Value>
    <Property name="objectType" value="RESOURCE"/>
    <Property name="attributeKey" value="config|hardware|memoryKB"/>
    <Property name="id" value="extModel2052-3"/>
    <Property name="preferredUnitId" value="gb"/>
    <Property name="isStringAttribute" value="false"/>
    <Property name="adapterKind" value="VMWARE"/>
    <Property name="resourceKind" value="VirtualMachine"/>
    <Property name="rollUpType" value="NONE"/>
    <Property name="rollUpCount" value="0"/>
    <Property name="transformations">
        <List>
            <Item value="CURRENT"/>
        </List>
    </Property>
    <Property name="isProperty" value="true"/>
    <Property name="displayName" value="RAM"/>
</Value>
                            </Item>
                            <Item>
<Value>
    <Property name="objectType" value="RESOURCE"/>
    <Property name="attributeKey" value="cpu|costopPct"/>
    <Property name="id" value="extModel2052-4"/>
    <Property name="preferredUnitId" value="percent"/>
    <Property name="isStringAttribute" value="false"/>
    <Property name="adapterKind" value="VMWARE"/>
    <Property name="resourceKind" value="VirtualMachine"/>
    <Property name="rollUpType" value="NONE"/>
    <Property name="rollUpCount" value="0"/>
    <Property name="transformations">
        <List>
            <Item value="CURRENT"/>
        </List>
    </Property>
    <Property name="isProperty" value="false"/>
    <Property name="yellowBound" value="1"/>
    <Property name="orangeBound" value="5"/>
    <Property name="redBound" value="10"/>
    <Property name="ascendingRange" value="false"/>
    <Property name="displayName" value="CPU Co-Stop"/>
</Value>
                            </Item>
                            <Item>
<Value>
    <Property name="objectType" value="RESOURCE"/>
    <Property name="attributeKey" value="cpu|readyPct"/>
    <Property name="id" value="extModel2052-5"/>
    <Property name="preferredUnitId" value="percent"/>
    <Property name="isStringAttribute" value="false"/>
    <Property name="adapterKind" value="VMWARE"/>
    <Property name="resourceKind" value="VirtualMachine"/>
    <Property name="rollUpType" value="NONE"/>
    <Property name="rollUpCount" value="0"/>
    <Property name="transformations">
        <List>
            <Item value="CURRENT"/>
        </List>
    </Property>
    <Property name="isProperty" value="false"/>
    <Property name="yellowBound" value="1"/>
    <Property name="orangeBound" value="5"/>
    <Property name="redBound" value="10"/>
    <Property name="ascendingRange" value="false"/>
    <Property name="displayName" value="CPU Ready"/>
</Value>
                            </Item>
                            <Item>
<Value>
    <Property name="objectType" value="RESOURCE"/>
    <Property name="attributeKey" value="mem|host_contentionPct"/>
    <Property name="id" value="extModel2052-6"/>
    <Property name="preferredUnitId" value="percent"/>
    <Property name="isStringAttribute" value="false"/>
    <Property name="adapterKind" value="VMWARE"/>
    <Property name="resourceKind" value="VirtualMachine"/>
    <Property name="rollUpType" value="NONE"/>
    <Property name="rollUpCount" value="0"/>
    <Property name="transformations">
        <List>
            <Item value="CURRENT"/>
        </List>
    </Property>
    <Property name="isProperty" value="false"/>
    <Property name="yellowBound" value="1"/>
    <Property name="orangeBound" value="3"/>
    <Property name="redBound" value="5"/>
    <Property name="ascendingRange" value="false"/>
    <Property name="displayName" value="RAM Contention"/>
</Value>
                            </Item>
                            <Item>
<Value>
    <Property name="objectType" value="RESOURCE"/>
    <Property name="attributeKey" value="Super Metric|sm_34b82c9d-ddcc-42ac-93c2-6e92984a0d9f"/>
    <Property name="id" value="extModel2052-7"/>
    <Property name="isStringAttribute" value="false"/>
    <Property name="adapterKind" value="VMWARE"/>
    <Property name="resourceKind" value="VirtualMachine"/>
    <Property name="rollUpType" value="NONE"/>
    <Property name="rollUpCount" value="0"/>
    <Property name="transformations">
        <List>
            <Item value="CURRENT"/>
        </List>
    </Property>
    <Property name="isProperty" value="false"/>
    <Property name="yellowBound" value="75"/>
    <Property name="orangeBound" value="85"/>
    <Property name="redBound" value="95"/>
    <Property name="ascendingRange" value="false"/>
    <Property name="displayName" value="RAM Used"/>
</Value>
                            </Item>
                            <Item>
<Value>
    <Property name="objectType" value="RESOURCE"/>
    <Property name="attributeKey" value="Super Metric|sm_01b91453-1722-4d93-b2b1-066be0596dd0"/>
    <Property name="id" value="extModel2052-8"/>
    <Property name="isStringAttribute" value="false"/>
    <Property name="adapterKind" value="VMWARE"/>
    <Property name="resourceKind" value="VirtualMachine"/>
    <Property name="rollUpType" value="NONE"/>
    <Property name="rollUpCount" value="0"/>
    <Property name="transformations">
        <List>
            <Item value="CURRENT"/>
        </List>
    </Property>
    <Property name="isProperty" value="false"/>
    <Property name="yellowBound" value="1"/>
    <Property name="orangeBound" value="2"/>
    <Property name="redBound" value="3"/>
    <Property name="ascendingRange" value="false"/>
    <Property name="displayName" value="RAM Page-in Rate"/>
</Value>
                            </Item>
                            <Item>
<Value>
    <Property name="objectType" value="RESOURCE"/>
    <Property name="attributeKey" value="virtualDisk:Aggregate of all instances|totalLatency"/>
    <Property name="id" value="extModel2052-9"/>
    <Property name="preferredUnitId" value="msec"/>
    <Property name="isStringAttribute" value="false"/>
    <Property name="adapterKind" value="VMWARE"/>
    <Property name="resourceKind" value="VirtualMachine"/>
    <Property name="rollUpType" value="NONE"/>
    <Property name="rollUpCount" value="0"/>
    <Property name="transformations">
        <List>
            <Item value="CURRENT"/>
        </List>
    </Property>
    <Property name="isProperty" value="false"/>
    <Property name="yellowBound" value="10"/>
    <Property name="orangeBound" value="20"/>
    <Property name="redBound" value="30"/>
    <Property name="ascendingRange" value="false"/>
    <Property name="displayName" value="Disk Latency"/>
</Value>
                            </Item>
                            <Item>
<Value>
    <Property name="objectType" value="RESOURCE"/>
    <Property name="attributeKey" value="diskspace|snapshot"/>
    <Property name="id" value="extModel2052-10"/>
    <Property name="preferredUnitId" value="gb"/>
    <Property name="isStringAttribute" value="false"/>
    <Property name="adapterKind" value="VMWARE"/>
    <Property name="resourceKind" value="VirtualMachine"/>
    <Property name="rollUpType" value="NONE"/>
    <Property name="rollUpCount" value="0"/>
    <Property name="transformations">
        <List>
            <Item value="CURRENT"/>
        </List>
    </Property>
    <Property name="isProperty" value="false"/>
    <Property name="yellowBound" value="1"/>
    <Property name="orangeBound" value="3"/>
    <Property name="redBound" value="5"/>
    <Property name="ascendingRange" value="false"/>
    <Property name="displayName" value="Snapshot Size"/>
</Value>
                            </Item>
                            <Item>
<Value>
    <Property name="objectType" value="RESOURCE"/>
    <Property name="attributeKey" value="net|droppedTx_summation"/>
    <Property name="id" value="extModel2052-11"/>
    <Property name="isStringAttribute" value="false"/>
    <Property name="adapterKind" value="VMWARE"/>
    <Property name="resourceKind" value="VirtualMachine"/>
    <Property name="rollUpType" value="NONE"/>
    <Property name="rollUpCount" value="0"/>
    <Property name="transformations">
        <List>
            <Item value="CURRENT"/>
        </List>
    </Property>
    <Property name="isProperty" value="false"/>
    <Property name="yellowBound" value="10"/>
    <Property name="orangeBound" value="20"/>
    <Property name="redBound" value="30"/>
    <Property name="ascendingRange" value="false"/>
    <Property name="displayName" value="TX packet dropped"/>
</Value>
                            </Item>
                            <Item>
<Value>
    <Property name="objectType" value="RESOURCE"/>
    <Property name="attributeKey" value="summary|guest|toolsVersion"/>
    <Property name="id" value="extModel2052-12"/>
    <Property name="isStringAttribute" value="true"/>
    <Property name="adapterKind" value="VMWARE"/>
    <Property name="resourceKind" value="VirtualMachine"/>
    <Property name="rollUpType" value="NONE"/>
    <Property name="rollUpCount" value="0"/>
    <Property name="transformations">
        <List>
            <Item value="CURRENT"/>
        </List>
    </Property>
    <Property name="isProperty" value="true"/>
    <Property name="displayName" value="VMTools Version"/>
</Value>
                            </Item>
                        </List>
                    </Property>
                    <Property name="summaryInfos">
                        <List>
                            <Item>
<Value>
    <Property name="displayName" value="Maximum"/>
    <Property name="aggregation" value="MAX"/>
    <Property name="attributeIndexes">
        <List>
            <Item value="1"/>
            <Item value="2"/>
            <Item value="3"/>
            <Item value="4"/>
            <Item value="5"/>
            <Item value="6"/>
            <Item value="7"/>
            <Item value="8"/>
            <Item value="9"/>
            <Item value="10"/>
        </List>
    </Property>
</Value>
                            </Item>
                            <Item>
<Value>
    <Property name="displayName" value="Average"/>
    <Property name="aggregation" value="AVG"/>
    <Property name="attributeIndexes">
        <List>
            <Item value="1"/>
            <Item value="2"/>
            <Item value="3"/>
            <Item value="4"/>
            <Item value="5"/>
            <Item value="6"/>
            <Item value="7"/>
            <Item value="8"/>
            <Item value="9"/>
            <Item value="10"/>
        </List>
    </Property>
</Value>
                            </Item>
                        </List>
                    </Property>
                </Control>
                <Control id="pagination-control_id_713" type="pagination-control" visible="true">
                    <Property name="start" value="0"/>
                    <Property name="size" value="50"/>
                </Control>
                <Control id="metadata_id_714" type="metadata" visible="false">
                    <Property name="maxPointsCount" value="5000"/>
                    <Property name="distributionColor" value="6870C4"/>
                    <Property name="hideObjectNameColumn" value="false"/>
                    <Property name="listTopResultSize" value="-1"/>
                </Control>
            </Controls>
            <DataProviders>
                <DataProvider dataType="list-view" id="list-view_id_710"/>
            </DataProviders>
            <Presentation type="list"/>
        </ViewDef>
    </Views>
</Content>
